{
  "timestamp": "2025-10-30T01:36:07.148466",
  "current_rtf": 14.0,
  "target_rtf": 220.0,
  "progress_pct": 6.363636363636363,
  "gap": 15.714285714285714,
  "results": {
    "kernels": {
      "attention": {
        "kernel": "Attention",
        "iterations": 20,
        "mean": 2.2329747494950425,
        "std": 0.06908148062235918,
        "min": 2.1036889957031235,
        "max": 2.3702650069026276,
        "p50": 2.2291170025710016,
        "p95": 2.3699704936007038,
        "p99": 2.370206104242243,
        "median": 2.2291170025710016
      },
      "layernorm": {
        "kernel": "LayerNorm",
        "iterations": 20,
        "mean": 0.16638064989820123,
        "std": 0.053856643723113724,
        "min": 0.11909099703188986,
        "max": 0.2616260026115924,
        "p50": 0.13740050053456798,
        "p95": 0.25795235560508445,
        "p99": 0.2608912732102908,
        "median": 0.13740050053456798
      },
      "gelu": {
        "kernel": "GELU",
        "iterations": 20,
        "mean": 0.1421957502316218,
        "std": 0.026511330930797484,
        "min": 0.10972400195896626,
        "max": 0.20219600992277265,
        "p50": 0.13604250125354156,
        "p95": 0.19796090200543404,
        "p99": 0.20134898833930492,
        "median": 0.13604250125354156
      },
      "matmul": {
        "kernel": "Matmul",
        "iterations": 20,
        "mean": 0.4925879016809631,
        "std": 0.0850830799751303,
        "min": 0.42409800516907126,
        "max": 0.7335030095418915,
        "p50": 0.46362199645955116,
        "p95": 0.7027610132354312,
        "p99": 0.7273546102805994,
        "median": 0.46362199645955116
      }
    },
    "pipeline": [],
    "accuracy": {},
    "comparisons": {}
  }
}