{
  "attention": {
    "kernel": "Attention",
    "iterations": 20,
    "mean": 2.107638798042899,
    "std": 0.06408992065065902,
    "min": 2.0424829999683425,
    "max": 2.257783999084495,
    "p50": 2.0809550042031333,
    "p95": 2.2443443413067143,
    "p99": 2.255096067528939,
    "median": 2.0809550042031333
  },
  "layernorm": {
    "kernel": "LayerNorm",
    "iterations": 20,
    "mean": 0.154938900959678,
    "std": 0.027587090948057523,
    "min": 0.12810798943974078,
    "max": 0.20676400163210928,
    "p50": 0.134374997287523,
    "p95": 0.19554260798031464,
    "p99": 0.20451972290175033,
    "median": 0.134374997287523
  },
  "gelu": {
    "kernel": "GELU",
    "iterations": 20,
    "mean": 0.12584930154844187,
    "std": 0.023851539087150726,
    "min": 0.11054599599447101,
    "max": 0.200933005544357,
    "p50": 0.11294999421807006,
    "p95": 0.16995349360513504,
    "p99": 0.19473710315651255,
    "median": 0.11294999421807006
  },
  "matmul": {
    "kernel": "Matmul",
    "iterations": 20,
    "mean": 0.4800625494681299,
    "std": 0.04182621095239142,
    "min": 0.44163000711705536,
    "max": 0.5765210080426186,
    "p50": 0.46365150046767667,
    "p95": 0.575949095946271,
    "p99": 0.5764066256233491,
    "median": 0.46365150046767667
  }
}